Deck Name,Image File Name,Card number,Card Title,Card Details,Opening Invocation Heading,Opening Invocation Content,Spiral of Inquiry Heading,Spiral of Inquiry Content,Acknowledgement Heading,Acknowledgement Content,Spiral of Seeing Heading,Spiral of Seeing Content,Living Inquiry Heading,Living Inquiry Content,Guided Audio Heading,Guided Audio Content,Embodiment Ritual Heading,Embodiment Ritual Content,Benediction Heading,Benediction Content
The Sacred Rewrite,1.png,Card 1,The Veil of Shame,"The Distortion: ""I am ashamed of who I am, my very being is stained and unworthy.""
The Higher Truth: ""I stand radiant in my truth, unashamed, unhidden, holy in every breath.""",Opening Invocation & Altar Ritual,"Beloved, close your eyes. Feel the floor beneath your feet, the weight of your body, the rhythm of your breath. You are entering a sacred chamber within yourself, the Chamber of Sacred Undoing. Here, nothing is demanded of you; only witnessed.

Breathe once for the body, once for the heart, once for the soul. Let your exhale soften the walls around you. Notice where shame lingers, in the throat, the chest, the belly. Touch that place gently, as if meeting an old friend.

At your altar, light the candle and ask: ""Flame, what have I been afraid to see?""

Lift the mirror and let the candlelight fall across your face. Ask softly: ""Can I see my soul beyond all masks?""

Hold the stone in your palm. Feel its weight, its history, its endurance. Ask: ""What am I still carrying that longs to be set down?""

Dip your fingertips into the water. Touch your brow, your throat, your heart, and ask: ""How is this moment already making me new?""

Bow lightly toward your altar and feel your breath return home to your body. You are ready.",Spiral of Inquiry,"Mythic Moment: Shame was the first chain. It wrapped around your throat before you had words. You learned to shrink your glow, to flinch at your own reflection, to apologize for existing. The wound became doctrine: Hide your holiness. Keep your voice small. Earn your right to breathe. You have mistaken the bruise for your identity, the cage for safety. But there is gold beneath the soot. The soul waits, burning beneath the grime, whispering: You were never unworthy. Only unfinished in your remembering.

Reflective Transition: Notice where your body tightens when you read those words. That is where the chain still clings. Let's turn toward it now, not to fight it, but to understand what it once protected.

Inquiry Questions:
- When did I first learn that shame kept me safe?
- What happens in my body when I imagine being fully seen without apology?
- If shame was protection, what truth was it trying to guard?",Acknowledgement of Distortion as Protection,"This distortion once protected me. Shame taught me to disappear before I could be hurt. It believed invisibility was safety. I honour the part of me that carried that burden. Beloved protector, what do you need to feel seen, heard, loved, and safe as we transform? You are not being banished, you are being welcomed home.

Take a moment to commune with this protector part of you and ask what it needs, write down the response in your journal.
- ""What were you afraid would happen?""
- ""What do you need from me to rest?""

Take a slow breath and let these questions land. Feel into the place in your body that responds first, not with words, but with sensation. Perhaps warmth, or ache, or trembling. Offer gratitude to the protector that once believed shame was safety. Let it know: it no longer needs to hide you.",The Spiral of Seeing,"The Distortion: ""I am ashamed of who I am, my very being is stained and unworthy.""

Shame convinces you that your essence itself is the flaw, that there is rot where there is simply tenderness. It keeps you small, apologetic, self-censoring. This distortion was once armour: if you condemned yourself first, no one else could. But armour hardens into prison. What once kept you safe now keeps you separate.

The Higher Truth: ""I stand radiant in my truth, unashamed, unhidden, holy in every breath.""

Radiance is not denial of darkness; it is the light that pours through it. To stand radiant is to stand naked before your own divinity, flawed, messy, human, and still holy. The shame dissolves not through perfection but through presence. When you refuse to hide, the stain vanishes in the brilliance of your being.

The teaching hidden inside: Shame is not proof of unworthiness; it is the veil stretched across remembrance. Tear it, and you will not find purity, you will find humanity made sacred. Radiance is what happens when you stop running from the parts you swore disqualified you from love.

- What if the stain you fear is not flaw but the mark of your humanity?
- What if the parts you condemned are simply the places where love most longs to live?
- What if holiness was never about purity, but presence, raw and unguarded?",Living Inquiry Prompts,"- When shame rises, what story do I tell myself about who I am?
- How does my breath change when I look at myself with softness instead of scrutiny?
- What becomes possible when I stop apologizing for existing?",Guided Audio Journey,[Replace with the relevant audio file once it is provided. This will require an audio player.],Practical Embodiment Ritual,"- Mirror Gaze: Look into your eyes and whisper, ""I see the one I once hid.""
- Stone Release: Place a stone upon your heart, name one old story of shame, and say, ""I set this down.""
- Water Anointing: Dip your fingers in water and touch your throat, permission to speak as you are.",Closing Benediction,"Beloved, the veil has lifted. The shame that once shielded you has become your sanctifier. You are no longer defined by what you hid from, you are defined by what you dared to meet.

""What if the wound was never the end, but the door back to your own holiness?"""
The Sacred Rewrite,2.png,Card 2,The Hollow Echo,"The Distortion: ""I am not enough; emptiness haunts me no matter what I do.""
The Higher Truth: ""I am abundant in worth, overflowing, whole, more than enough for eternity.""",Opening Invocation & Altar Ritual,"Beloved, close your eyes. Feel the floor beneath your feet, the weight of your body, the rhythm of your breath. You are entering a sacred chamber within yourself, the Chamber of Sacred Undoing. Here, nothing is demanded of you; only witnessed.

Breathe once for the body, once for the heart, once for the soul. Let your exhale soften the walls around you. Notice where shame lingers, in the throat, the chest, the belly. Touch that place gently, as if meeting an old friend.

At your altar, light the candle and ask: ""Flame, what have I been afraid to see?""

Lift the mirror and let the candlelight fall across your face. Ask softly: ""Can I see my soul beyond all masks?""

Hold the stone in your palm. Feel its weight, its history, its endurance. Ask: ""What am I still carrying that longs to be set down?""

Dip your fingertips into the water. Touch your brow, your throat, your heart, and ask: ""How is this moment already making me new?""

Bow lightly toward your altar and feel your breath return home to your body. You are ready.",Spiral of Inquiry,"Mythic Moment: There's a sound that follows you, hollow, endless, hungry. It lives in every pause between achievements, in the echo that comes after applause. You fill your hands with more: more effort, more love given, more proof scraped from the edges of exhaustion. Still, the echo returns, whispering: not enough, not enough, not enough. You mistake the silence after striving for failure, when it is only space, space that terrifies you because it cannot be filled, only felt. This is the wound of the hollow echo: the belief that your worth is a cup that leaks faster than life can pour it. But emptiness was never a curse. It was the first breath before creation.

Reflective Transition: Feel that ache in your chest, the reflex to reach, to fill, to fix. What if it was not absence at all, but invitation?

Inquiry Questions:
- When did I first learn that silence meant failure?
- What do I do when faced with stillness, rush, numb, or listen?
- If emptiness were sacred space, what might it be asking me to create?",Acknowledgement of Distortion as Protection,"This distortion once protected me. It taught me to chase fullness so I wouldn't have to feel the ache of emptiness. It made striving safer than stillness. I honour the part of me that believed emptiness meant absence. Take a moment to commune with this protector part of you and ask what it needs, write down the response in your journal. Breathe with it. Let it know it does not have to fill the void anymore, it only needs to rest.

- ""What were you afraid would happen if I stopped striving?""
- ""What do you need from me to rest?""

Let your breath slow as you commune with this part of you. Imagine the protector sitting beside you, tired from years of chasing ""enough."" Place your hand over your heart and whisper, ""You don't have to run anymore.""",The Spiral of Seeing,"The Distortion: ""I am not enough; emptiness haunts me no matter what I do.""

This is the illusion of scarcity, the soul forgetting its own infinity. It whispers that worth must be earned, measured, or proven. The emptiness you feel is not absence; it's disconnection from remembrance. The echo only exists because you keep shouting into the void instead of listening to what it's trying to say. The haunting is hunger for yourself.

The Higher Truth: ""I am abundant in worth, overflowing, whole, more than enough for eternity.""

When you stop running from the hollow, you find it is not hollow at all, it is the vastness of your being. Enoughness is not accumulation; it is remembrance. You are the well that never runs dry. To claim your inherent abundance is not arrogance, it is alignment.

The teaching hidden inside: The emptiness you feared was never lack; it was potential waiting to be felt. When you stop trying to fill the void, you hear its true sound: creation humming, infinite and whole.

What if:
- the hollow was never hunger, but potential?
- the echo was not accusation, but calling?
- every pause is the universe catching its breath through you?",Living Inquiry Prompts,"- When I feel ""not enough,"" what am I truly craving?
- How does my body feel when I stop trying to fill the silence?
- What changes in me when I treat emptiness as space for creation?",Guided Audio Journey,[Replace with the relevant audio file once it is provided. This will require an audio player.],Practical Embodiment Ritual,"- Candle Overflow: Light your candle and whisper, ""I overflow.""
- Stone Anchor: Hold your stone to your heart and say, ""I root my worth in eternity.""
- Water Offering: Pour a small amount of water into the earth and say, ""What overflows from me blesses the world.""",Closing Benediction,"Beloved, the hollow has become hymn. The ache that haunted you now hums with fullness. You were never lacking, only listening for yourself.

""What if the echo was not emptiness at all, but your soul calling you home?"""